ticker,company name,sector,sub-industry,date first added,newsDateLength
MMM,3M Company,Industrials,Industrial Conglomerates,1976-08-09,104
ABT,Abbott Laboratories,Health Care,Health Care Equipment,1964-03-31,77
ABBV,AbbVie Inc.,Health Care,Pharmaceuticals,2012-12-31,52
ABMD,ABIOMED Inc,Health Care,Health Care Equipment,2018-05-31,253
ACN,Accenture plc,Information Technology,IT Consulting & Other Services,2011-07-06,48
ATVI,Activision Blizzard,Communication Services,Interactive Home Entertainment,2015-08-31,61
ADBE,Adobe Inc.,Information Technology,Application Software,1997-05-05,58
AMD,Advanced Micro Devices Inc,Information Technology,Semiconductors,2017-03-20,31
AAP,Advance Auto Parts,Consumer Discretionary,Automotive Retail,2015-07-09,231
AES,AES Corp,Utilities,Independent Power Producers & Energy Traders,1998-10-02,210
AFL,AFLAC Inc,Financials,Life & Health Insurance,1999-05-28,233
A,Agilent Technologies Inc,Health Care,Health Care Equipment,2000-06-05,215
APD,Air Products & Chemicals Inc,Materials,Industrial Gases,1985-04-30,182
AKAM,Akamai Technologies Inc,Information Technology,Internet Services & Infrastructure,2007-07-12,207
ALK,Alaska Air Group Inc,Industrials,Airlines,2016-05-13,78
ALB,Albemarle Corp,Materials,Specialty Chemicals,2016-07-01,218
ARE,Alexandria Real Estate Equities,Real Estate,Office REITs,2017-03-20,289
ALXN,Alexion Pharmaceuticals,Health Care,Pharmaceuticals,2012-05-25,70
ALGN,Align Technology,Health Care,Health Care Supplies,2017-06-19,56
ALLE,Allegion,Industrials,Building Products,2013-12-02,336
LNT,Alliant Energy Corp,Utilities,Electric Utilities,2016-07-01,413
ALL,Allstate Corp,Financials,Property & Casualty Insurance,1995-07-13,132
GOOGL,Alphabet Inc. (Class A),Communication Services,Interactive Media & Services,2014-04-03,8
GOOG,Alphabet Inc. (Class C),Communication Services,Interactive Media & Services,2006-04-03,8
MO,Altria Group Inc,Consumer Staples,Tobacco,1957-03-04,107
AMZN,Amazon.com Inc.,Consumer Discretionary,Internet & Direct Marketing Retail,2005-11-18,3
AMCR,Amcor plc,Materials,Paper Packaging,2019-06-07,558
AEE,Ameren Corp,Utilities,Multi-Utilities,1991-09-19,331
AAL,American Airlines Group,Industrials,Airlines,2015-03-23,34
AEP,American Electric Power,Utilities,Electric Utilities,1957-03-04,86
AXP,American Express Co,Financials,Consumer Finance,1976-06-30,73
AIG,American International Group,Financials,Property & Casualty Insurance,1980-03-31,119
AMT,American Tower Corp.,Real Estate,Specialized REITs,2007-11-19,182
AWK,American Water Works Company Inc,Utilities,Water Utilities,2016-03-04,112
AMP,Ameriprise Financial,Financials,Asset Management & Custody Banks,2005-10-03,213
ABC,AmerisourceBergen Corp,Health Care,Health Care Distributors,2001-08-30,209
AME,AMETEK Inc.,Industrials,Electrical Components & Equipment,2013-09-23,350
AMGN,Amgen Inc.,Health Care,Biotechnology,1992-01-02,71
APH,Amphenol Corp,Information Technology,Electronic Components,2008-09-30,371
ADI,"Analog Devices, Inc.",Information Technology,Semiconductors,1999-10-12,143
ANSS,"ANSYS, Inc.",Information Technology,Application Software,2017-06-19,215
ANTM,Anthem,Health Care,Managed Health Care,2002-07-25,137
AON,Aon plc,Financials,Insurance Brokers,1996-04-23,146
AOS,A.O. Smith Corp,Industrials,Building Products,2017-07-26,435
APA,Apache Corporation,Energy,Oil & Gas Exploration & Production,1997-07-28,261
AAPL,Apple Inc.,Information Technology,"Technology Hardware, Storage & Peripherals",1982-11-30,7
AMAT,Applied Materials Inc.,Information Technology,Semiconductor Equipment,1995-03-16,119
APTV,Aptiv PLC,Consumer Discretionary,Auto Parts & Equipment,2012-12-24,305
ADM,Archer-Daniels-Midland Co,Consumer Staples,Agricultural Products,1981-07-29,161
ANET,Arista Networks,Information Technology,Communications Equipment,2018-08-28,224
AJG,Arthur J. Gallagher & Co.,Financials,Insurance Brokers,2016-05-31,212
AIZ,Assurant,Financials,Multi-line Insurance,2007-04-10,266
T,AT&T Inc.,Communication Services,Integrated Telecommunication Services,1983-11-30 (1957-03-04),20
ATO,Atmos Energy,Utilities,Gas Utilities,2019-02-15,300
ADSK,Autodesk Inc.,Information Technology,Application Software,1989-12-01,135
ADP,Automatic Data Processing,Information Technology,Internet Services & Infrastructure,1981-03-31,161
AZO,AutoZone Inc,Consumer Discretionary,Specialty Stores,1997-01-02,148
AVB,AvalonBay Communities,Real Estate,Residential REITs,2007-01-10,344
AVY,Avery Dennison Corp,Materials,Paper Packaging,1987-12-31,288
BKR,Baker Hughes Co,Energy,Oil & Gas Equipment & Services,2017-07-07,119
BLL,Ball Corp,Materials,Metal & Glass Containers,1984-10-31,217
BAC,Bank of America Corp,Financials,Diversified Banks,1976-06-30,43
BK,The Bank of New York Mellon,Financials,Asset Management & Custody Banks,1995-03-31,107
BAX,Baxter International Inc.,Health Care,Health Care Equipment,1972-09-30,245
BDX,Becton Dickinson,Health Care,Health Care Equipment,1972-09-30,152
BRK-A,Berkshire Hathaway A Class,Financials,Multi-Sector Holdings,2010-02-16,42
BRK-B,Berkshire Hathaway B Class,Financials,Multi-Sector Holdings,2010-02-16,42
BBY,Best Buy Co. Inc.,Consumer Discretionary,Computer & Electronics Retail,1999-06-29,51
BIO,Bio-Rad Laboratories,Health Care,Life Sciences Tools & Services,2020-06-22,283
BIIB,Biogen Inc.,Health Care,Biotechnology,2003-11-13,28
BLK,BlackRock,Financials,Asset Management & Custody Banks,2011-04-04,40
BA,Boeing Company,Industrials,Aerospace & Defense,1957-03-04,16
BKNG,Booking Holdings Inc,Consumer Discretionary,Internet & Direct Marketing Retail,2009-11-06,122
BWA,BorgWarner,Consumer Discretionary,Auto Parts & Equipment,2011-12-19,216
BXP,Boston Properties,Real Estate,Office REITs,2006-04-03,330
BSX,Boston Scientific,Health Care,Health Care Equipment,1995-02-24,22
BMY,Bristol-Myers Squibb,Health Care,Health Care Distributors,1957-03-04,63
AVGO,Broadcom Inc.,Information Technology,Semiconductors,2014-05-08,50
BR,Broadridge Financial Solutions,Information Technology,Data Processing & Outsourced Services,2018-06-18,224
BF-B,Brown-Forman Corp.,Consumer Staples,Distillers & Vintners,1982-10-31,329
CHRW,C. H. Robinson Worldwide,Industrials,Air Freight & Logistics,2007-03-02,324
COG,Cabot Oil & Gas,Energy,Oil & Gas Exploration & Production,2008-06-23,93
CDNS,Cadence Design Systems,Information Technology,Application Software,2017-09-18,132
CPB,Campbell Soup,Consumer Staples,Packaged Foods & Meats,1957-03-04,146
COF,Capital One Financial,Financials,Consumer Finance,1998-07-01,167
CAH,Cardinal Health Inc.,Health Care,Health Care Distributors,1997-05-27,146
KMX,Carmax Inc,Consumer Discretionary,Specialty Stores,2010-06-28,170
CCL,Carnival Corp.,Consumer Discretionary,"Hotels, Resorts & Cruise Lines",1998-12-22,41
CARR,Carrier Global,Industrials,Building Products,2020-04-03,172
CTLT,Catalent,Health Care,Pharmaceuticals,2020-09-21,246
CAT,Caterpillar Inc.,Industrials,Construction Machinery & Heavy Trucks,1957-03-04,72
CBOE,Cboe Global Markets,Financials,Financial Exchanges & Data,2017-03-01,246
CBRE,CBRE Group,Real Estate,Real Estate Services,2006-11-10,264
CDW,CDW,Information Technology,Technology Distributors,2019-09-23,305
CE,Celanese,Materials,Specialty Chemicals,2018-12-24,250
CNC,Centene Corporation,Health Care,Managed Health Care,2016-03-30,129
CNP,CenterPoint Energy,Utilities,Multi-Utilities,1985-07-31,267
CERN,Cerner,Health Care,Health Care Technology,2010-04-30,261
CF,CF Industries Holdings Inc,Materials,Fertilizers & Agricultural Chemicals,2008-08-27,323
SCHW,Charles Schwab Corporation,Financials,Investment Banking & Brokerage,1997-06-02,86
CHTR,Charter Communications,Communication Services,Cable & Satellite,2016-09-08,169
CVX,Chevron Corp.,Energy,Integrated Oil & Gas,1957-03-04,35
CMG,Chipotle Mexican Grill,Consumer Discretionary,Restaurants,2011-04-28,56
CB,Chubb Limited,Financials,Property & Casualty Insurance,2010-07-15,211
CHD,Church & Dwight,Consumer Staples,Household Products,2015-12-29,257
CI,CIGNA Corp.,Health Care,Managed Health Care,1976-06-30,112
CINF,Cincinnati Financial,Financials,Property & Casualty Insurance,1997-12-18,319
CTAS,Cintas Corporation,Industrials,Diversified Support Services,2001-03-01,197
CSCO,Cisco Systems,Information Technology,Communications Equipment,1993-12-01,49
C,Citigroup Inc.,Financials,Diversified Banks,1988-05-31,27
CFG,Citizens Financial Group,Financials,Regional Banks,2016-01-29,216
CTXS,Citrix Systems,Information Technology,Application Software,1999-12-01,180
CLX,The Clorox Company,Consumer Staples,Household Products,1969-03-31,91
CME,CME Group Inc.,Financials,Financial Exchanges & Data,2006-08-11,128
CMS,CMS Energy,Utilities,Multi-Utilities,1999-05-03,269
KO,Coca-Cola Company,Consumer Staples,Soft Drinks,1957-03-04,68
CTSH,Cognizant Technology Solutions,Information Technology,IT Consulting & Other Services,2006-11-17,264
CL,Colgate-Palmolive,Consumer Staples,Household Products,1957-03-04,159
CMCSA,Comcast Corp.,Communication Services,Cable & Satellite,2002-11-19,41
CMA,Comerica Inc.,Financials,Diversified Banks,1995-12-01,243
CAG,Conagra Brands,Consumer Staples,Packaged Foods & Meats,1983-08-31,98
COP,ConocoPhillips,Energy,Oil & Gas Exploration & Production,1957-03-04,78
ED,Consolidated Edison,Utilities,Electric Utilities,,270
STZ,Constellation Brands,Consumer Staples,Distillers & Vintners,2005-07-01,98
COO,The Cooper Companies,Health Care,Health Care Supplies,2016-09-23,354
CPRT,Copart Inc,Industrials,Diversified Support Services,2018-07-02,330
GLW,Corning Inc.,Information Technology,Electronic Components,,211
CTVA,Corteva,Materials,Fertilizers & Agricultural Chemicals,2019-06-03,422
COST,Costco Wholesale Corp.,Consumer Staples,Hypermarkets & Super Centers,1993-10-01,35
CCI,Crown Castle International Corp.,Real Estate,Specialized REITs,2012-03-14,239
CSX,CSX Corp.,Industrials,Railroads,1967-09-30,253
CMI,Cummins Inc.,Industrials,Industrial Machinery,1965-03-31,167
CVS,CVS Health,Health Care,Health Care Services,1957-03-04,48
DHI,D. R. Horton,Consumer Discretionary,Homebuilding,2005-06-22,77
DHR,Danaher Corp.,Health Care,Health Care Equipment,,126
DRI,Darden Restaurants,Consumer Discretionary,Restaurants,,105
DVA,DaVita Inc.,Health Care,Health Care Facilities,2008-07-31,120
DE,Deere & Co.,Industrials,Agricultural & Farm Machinery,1957-03-04,114
DAL,Delta Air Lines Inc.,Industrials,Airlines,2013-09-11,38
XRAY,Dentsply Sirona,Health Care,Health Care Supplies,2008-11-14,363
DVN,Devon Energy,Energy,Oil & Gas Exploration & Production,2000-08-30,101
DXCM,DexCom,Health Care,Health Care Equipment,2020-05-12,155
FANG,Diamondback Energy,Energy,Oil & Gas Exploration & Production,2018-12-03,158
DLR,Digital Realty Trust Inc,Real Estate,Specialized REITs,2016-05-18,202
DFS,Discover Financial Services,Financials,Consumer Finance,2007-07-02,240
DISCA,"Discovery, Inc. (Class A)",Communication Services,Broadcasting,2010-03-01,209
DISCK,"Discovery, Inc. (Class C)",Communication Services,Broadcasting,2014-08-07,209
DISH,Dish Network,Communication Services,Cable & Satellite,2017-03-13,125
DG,Dollar General,Consumer Discretionary,General Merchandise Stores,2012-12-03,90
DLTR,Dollar Tree,Consumer Discretionary,General Merchandise Stores,2011-12-19,133
D,Dominion Energy,Utilities,Electric Utilities,,156
DPZ,Domino's Pizza,Consumer Discretionary,Restaurants,2020-05-12,91
DOV,Dover Corporation,Industrials,Industrial Machinery,1985-10-31,168
DOW,Dow Inc.,Materials,Commodity Chemicals,2019-04-01,101
DTE,DTE Energy Co.,Utilities,Multi-Utilities,1957-03-04,301
DUK,Duke Energy,Utilities,Electric Utilities,1976-06-30,100
DRE,Duke Realty Corp,Real Estate,Industrial REITs,2017-07-26,353
DD,DuPont de Nemours Inc,Materials,Specialty Chemicals,2019-04-02,209
DXC,DXC Technology,Information Technology,IT Consulting & Other Services,2017-04-04,297
EMN,Eastman Chemical,Materials,Diversified Chemicals,1994-01-01,304
ETN,Eaton Corporation,Industrials,Electrical Components & Equipment,,310
EBAY,eBay Inc.,Consumer Discretionary,Internet & Direct Marketing Retail,,71
ECL,Ecolab Inc.,Materials,Specialty Chemicals,1989-01-31,218
EIX,Edison Int'l,Utilities,Electric Utilities,1957-03-04,205
EW,Edwards Lifesciences,Health Care,Health Care Equipment,2011-04-01,244
EA,Electronic Arts,Communication Services,Interactive Home Entertainment,2002-07-22,82
EMR,Emerson Electric Company,Industrials,Electrical Components & Equipment,1965-03-31,254
ETR,Entergy Corp.,Utilities,Electric Utilities,1957-03-04,285
EOG,EOG Resources,Energy,Oil & Gas Exploration & Production,2000-11-02,157
EFX,Equifax Inc.,Industrials,Research & Consulting Services,1997-06-19,201
EQIX,Equinix,Real Estate,Specialized REITs,2015-03-20,192
EQR,Equity Residential,Real Estate,Residential REITs,2001-12-03,387
ESS,"Essex Property Trust, Inc.",Real Estate,Residential REITs,2014-04-02,453
EL,Est√©e Lauder Companies,Consumer Staples,Personal Products,2006-01-05,139
ETSY,Etsy,Consumer Discretionary,Internet & Direct Marketing Retail,2020-09-21,60
EVRG,Evergy,Utilities,Electric Utilities,2018-06-05,415
ES,Eversource Energy,Utilities,Multi-Utilities,,352
RE,Everest Re Group Ltd.,Financials,Reinsurance,2017-06-19,428
EXC,Exelon Corp.,Utilities,Multi-Utilities,1957-03-04,224
EXPE,Expedia Group,Consumer Discretionary,Internet & Direct Marketing Retail,2007-10-02,108
EXPD,Expeditors,Industrials,Air Freight & Logistics,2007-10-10,310
EXR,Extra Space Storage,Real Estate,Specialized REITs,2016-01-19,447
XOM,Exxon Mobil Corp.,Energy,Integrated Oil & Gas,1957-03-04,28
FFIV,F5 Networks,Information Technology,Communications Equipment,2010-12-20,272
FB,"Facebook, Inc.",Communication Services,Interactive Media & Services,2013-12-23,9
FAST,Fastenal Co,Industrials,Building Products,2008-09-15,176
FRT,Federal Realty Investment Trust,Real Estate,Retail REITs,2016-02-01,344
FDX,FedEx Corporation,Industrials,Air Freight & Logistics,1980-12-31,21
FIS,Fidelity National Information Services,Information Technology,Data Processing & Outsourced Services,2006-11-10,223
FITB,Fifth Third Bancorp,Financials,Regional Banks,,195
FE,FirstEnergy Corp,Utilities,Electric Utilities,,104
FRC,First Republic Bank,Financials,Regional Banks,2019-01-02,321
FISV,Fiserv Inc,Information Technology,Data Processing & Outsourced Services,2001-04-02,161
FLT,FleetCor Technologies Inc,Information Technology,Data Processing & Outsourced Services,2018-06-20,306
FLIR,FLIR Systems,Information Technology,Electronic Equipment & Instruments,2009-01-02,241
FLS,Flowserve Corporation,Industrials,Industrial Machinery,2008-10-02,301
FMC,FMC Corporation,Materials,Fertilizers & Agricultural Chemicals,2009-08-19,308
F,Ford Motor Company,Consumer Discretionary,Automobile Manufacturers,1957-03-04,40
FTNT,Fortinet,Information Technology,Systems Software,2018-10-11,153
FTV,Fortive Corp,Industrials,Industrial Machinery,2016-07-01,338
FBHS,Fortune Brands Home & Security,Industrials,Building Products,2016-06-22,247
FOXA,Fox Corporation (Class A),Communication Services,Movies & Entertainment,2013-07-01,118
FOX,Fox Corporation (Class B),Communication Services,Movies & Entertainment,2015-09-18,118
BEN,Franklin Resources,Financials,Asset Management & Custody Banks,,110
FCX,Freeport-McMoRan Inc.,Materials,Copper,,167
GPS,Gap Inc.,Consumer Discretionary,Apparel Retail,1986-08-31,83
GRMN,Garmin Ltd.,Consumer Discretionary,Consumer Electronics,2012-12-12,139
IT,Gartner Inc,Information Technology,IT Consulting & Other Services,2017-04-05,256
GD,General Dynamics,Industrials,Aerospace & Defense,1957-03-04,164
GE,General Electric,Industrials,Industrial Conglomerates,,41
GIS,General Mills,Consumer Staples,Packaged Foods & Meats,1969-03-31,106
GM,General Motors,Consumer Discretionary,Automobile Manufacturers,2013-06-06,22
GPC,Genuine Parts,Consumer Discretionary,Specialty Stores,1973-12-31,323
GILD,Gilead Sciences,Health Care,Biotechnology,2004-07-01,49
GL,Globe Life Inc.,Financials,Life & Health Insurance,1989-04-30,504
GPN,Global Payments Inc.,Information Technology,Data Processing & Outsourced Services,2016-04-25,243
GS,Goldman Sachs Group,Financials,Investment Banking & Brokerage,2002-07-22,28
GWW,Grainger (W.W.) Inc.,Industrials,Industrial Machinery,1981-06-30,343
HAL,Halliburton Co.,Energy,Oil & Gas Equipment & Services,1957-03-04,148
HBI,Hanesbrands Inc,Consumer Discretionary,"Apparel, Accessories & Luxury Goods",2015-03-20,127
HIG,Hartford Financial Svc.Gp.,Financials,Property & Casualty Insurance,1957-03-04,283
HAS,Hasbro Inc.,Consumer Discretionary,Leisure Products,1984-09-30,134
HCA,HCA Healthcare,Health Care,Health Care Facilities,2015-01-27,197
PEAK,Healthpeak Properties,Real Estate,Health Care REITs,2008-03-31,462
HSIC,Henry Schein,Health Care,Health Care Distributors,2015-03-17,319
HSY,The Hershey Company,Consumer Staples,Packaged Foods & Meats,1957-03-04,190
HES,Hess Corporation,Energy,Integrated Oil & Gas,1984-05-31,258
HPE,Hewlett Packard Enterprise,Information Technology,"Technology Hardware, Storage & Peripherals",2015-11-02,118
HLT,Hilton Worldwide Holdings Inc,Consumer Discretionary,"Hotels, Resorts & Cruise Lines",2017-06-19,120
HFC,HollyFrontier Corp,Energy,Oil & Gas Refining & Marketing,2018-06-18,292
HOLX,Hologic,Health Care,Health Care Equipment,2016-03-30,52
HD,Home Depot,Consumer Discretionary,Home Improvement Retail,1988-03-31,49
HON,Honeywell Int'l Inc.,Industrials,Industrial Conglomerates,1964-03-31,68
HRL,Hormel Foods Corp.,Consumer Staples,Packaged Foods & Meats,2009-03-04,126
HST,Host Hotels & Resorts,Real Estate,Hotel & Resort REITs,2007-03-20,334
HWM,Howmet Aerospace,Industrials,Aerospace & Defense,1964-03-31,267
HPQ,HP Inc.,Information Technology,"Technology Hardware, Storage & Peripherals",1974-12-31,28
HUM,Humana Inc.,Health Care,Managed Health Care,,99
HBAN,Huntington Bancshares,Financials,Regional Banks,,212
HII,Huntington Ingalls Industries,Industrials,Aerospace & Defense,2018-01-03,229
IEX,IDEX Corporation,Industrials,Industrial Machinery,2019-08-09,347
IDXX,IDEXX Laboratories,Health Care,Health Care Equipment,2017-01-05,148
INFO,IHS Markit Ltd.,Industrials,Research & Consulting Services,2017-06-02,100
ITW,Illinois Tool Works,Industrials,Industrial Machinery,1986-02-28,258
ILMN,Illumina Inc,Health Care,Life Sciences Tools & Services,2015-11-19,135
INCY,Incyte,Health Care,Biotechnology,2017-02-28,205
IR,Ingersoll Rand,Industrials,Industrial Machinery,2020-03-03,306
INTC,Intel Corp.,Information Technology,Semiconductors,1976-12-31,19
ICE,Intercontinental Exchange,Financials,Financial Exchanges & Data,2007-09-26,99
IBM,International Business Machines,Information Technology,IT Consulting & Other Services,1957-03-04,31
IP,International Paper,Materials,Paper Packaging,1957-03-04,296
IPG,Interpublic Group,Communication Services,Advertising,1992-10-01,229
IFF,International Flavors & Fragrances,Materials,Specialty Chemicals,1976-03-31,323
INTU,Intuit Inc.,Information Technology,Application Software,2000-12-05,111
ISRG,Intuitive Surgical Inc.,Health Care,Health Care Equipment,2008-06-02,121
IVZ,Invesco Ltd.,Financials,Asset Management & Custody Banks,2008-08-21,72
IPGP,IPG Photonics Corp.,Information Technology,Electronic Manufacturing Services,2018-03-07,461
IQV,IQVIA Holdings Inc.,Health Care,Life Sciences Tools & Services,2017-08-29,304
IRM,Iron Mountain Incorporated,Real Estate,Specialized REITs,2009-01-06,324
JKHY,Jack Henry & Associates,Information Technology,Data Processing & Outsourced Services,2018-11-13,344
J,Jacobs Engineering Group,Industrials,Construction & Engineering,2007-10-26,301
JBHT,J. B. Hunt Transport Services,Industrials,Trucking,2015-07-01,174
SJM,JM Smucker,Consumer Staples,Packaged Foods & Meats,2008-11-06,133
JNJ,Johnson & Johnson,Health Care,Pharmaceuticals,1973-06-30,25
JCI,Johnson Controls International,Industrials,Building Products,2010-08-27,212
JPM,JPMorgan Chase & Co.,Financials,Diversified Banks,1975-06-30,19
JNPR,Juniper Networks,Information Technology,Communications Equipment,2006-06-02,202
KSU,Kansas City Southern,Industrials,Railroads,2013-05-24,185
K,Kellogg Co.,Consumer Staples,Packaged Foods & Meats,,115
KEY,KeyCorp,Financials,Regional Banks,1994-03-01,315
KEYS,Keysight Technologies,Information Technology,Electronic Equipment & Instruments,2018-11-06,140
KMB,Kimberly-Clark,Consumer Staples,Household Products,1957-03-04,158
KIM,Kimco Realty,Real Estate,Retail REITs,2006-04-04,287
KMI,Kinder Morgan,Energy,Oil & Gas Storage & Transportation,2012-05-25,146
KLAC,KLA Corporation,Information Technology,Semiconductor Equipment,,335
KHC,Kraft Heinz Co,Consumer Staples,Packaged Foods & Meats,2015-07-06,112
KR,Kroger Co.,Consumer Staples,Food Retail,1957-03-04,49
LB,L Brands Inc.,Consumer Discretionary,Apparel Retail,1983-09-30,52
LHX,L3Harris Technologies,Industrials,Aerospace & Defense,,199
LH,Laboratory Corp. of America Holding,Health Care,Health Care Services,2004-11-01,71
LRCX,Lam Research,Information Technology,Semiconductor Equipment,2012-06-29,125
LW,Lamb Weston Holdings Inc,Consumer Staples,Packaged Foods & Meats,2018-12-03,309
LVS,Las Vegas Sands,Consumer Discretionary,Casinos & Gaming,2019-10-03,30
LEG,Leggett & Platt,Consumer Discretionary,Home Furnishings,,527
LDOS,Leidos Holdings,Information Technology,IT Consulting & Other Services,2019-08-09,237
LEN,Lennar Corp.,Consumer Discretionary,Homebuilding,2005-10-04,78
LLY,Lilly (Eli) & Co.,Health Care,Pharmaceuticals,1970-12-31,35
LNC,Lincoln National,Financials,Multi-line Insurance,1976-06-30,246
LIN,Linde plc,Materials,Industrial Gases,1992-07-01,319
LYV,Live Nation Entertainment,Communication Services,Movies & Entertainment,2019-12-23,238
LKQ,LKQ Corporation,Consumer Discretionary,Distributors,2016-05-23,391
LMT,Lockheed Martin Corp.,Industrials,Aerospace & Defense,1984-07-31,50
L,Loews Corp.,Financials,Multi-line Insurance,,503
LOW,Lowe's Cos.,Consumer Discretionary,Home Improvement Retail,1984-02-29,66
LUMN,Lumen Technologies,Communication Services,Alternative Carriers,1999-03-25,99
LYB,LyondellBasell,Materials,Specialty Chemicals,2012-09-05,250
MTB,M&T Bank Corp.,Financials,Regional Banks,2004-02-23,335
MRO,Marathon Oil Corp.,Energy,Oil & Gas Exploration & Production,1991-05-01,216
MPC,Marathon Petroleum,Energy,Oil & Gas Refining & Marketing,2011-07-01,156
MKTX,MarketAxess,Financials,Financial Exchanges & Data,2019-07-01,167
MAR,Marriott Int'l.,Consumer Discretionary,"Hotels, Resorts & Cruise Lines",,118
MMC,Marsh & McLennan,Financials,Insurance Brokers,1987-08-31,249
MLM,Martin Marietta Materials,Materials,Construction Materials,2014-07-02,353
MAS,Masco Corp.,Industrials,Building Products,1981-06-30,253
MA,Mastercard Inc.,Information Technology,Data Processing & Outsourced Services,2008-07-18,40
MKC,McCormick & Co.,Consumer Staples,Packaged Foods & Meats,,186
MXIM,Maxim Integrated Products Inc,Information Technology,Semiconductors,2018-12-03,154
MCD,McDonald's Corp.,Consumer Discretionary,Restaurants,1970-06-30,41
MCK,McKesson Corp.,Health Care,Health Care Distributors,,153
MDT,Medtronic plc,Health Care,Health Care Equipment,1986-10-31,97
MRK,Merck & Co.,Health Care,Pharmaceuticals,1957-03-04,52
MET,MetLife Inc.,Financials,Life & Health Insurance,,152
MTD,Mettler Toledo,Health Care,Life Sciences Tools & Services,2016-09-06,372
MGM,MGM Resorts International,Consumer Discretionary,Casinos & Gaming,2017-07-26,69
MCHP,Microchip Technology,Information Technology,Semiconductors,2007-09-07,163
MU,Micron Technology,Information Technology,Semiconductors,1994-09-27,36
MSFT,Microsoft Corp.,Information Technology,Systems Software,1994-06-01,10
MAA,Mid-America Apartments,Real Estate,Residential REITs,2016-12-02,457
MHK,Mohawk Industries,Consumer Discretionary,Home Furnishings,2013-12-23,189
TAP,Molson Coors Beverage Company,Consumer Staples,Brewers,1976-06-30,159
MDLZ,Mondelez International,Consumer Staples,Packaged Foods & Meats,2012-10-02,161
MNST,Monster Beverage,Consumer Staples,Soft Drinks,2012-06-28,218
MCO,Moody's Corp,Financials,Financial Exchanges & Data,,127
MS,Morgan Stanley,Financials,Investment Banking & Brokerage,,52
MOS,The Mosaic Company,Materials,Fertilizers & Agricultural Chemicals,2011-09-26,241
MSI,Motorola Solutions Inc.,Information Technology,Communications Equipment,,202
MSCI,MSCI Inc,Financials,Financial Exchanges & Data,2018-04-04,197
NDAQ,"Nasdaq, Inc.",Financials,Financial Exchanges & Data,2008-10-22,92
NOV,National Oilwell Varco Inc.,Energy,Oil & Gas Equipment & Services,2005-03-14,318
NTAP,NetApp,Information Technology,"Technology Hardware, Storage & Peripherals",1999-06-25,224
NFLX,Netflix Inc.,Communication Services,Movies & Entertainment,2010-12-20,18
NWL,Newell Brands,Consumer Discretionary,Housewares & Specialties,1989-04-30,198
NEM,Newmont Corporation,Materials,Gold,1969-06-30,106
NWSA,News Corp. Class A,Communication Services,Publishing,2013-08-01,160
NWS,News Corp. Class B,Communication Services,Publishing,2015-09-18,160
NEE,NextEra Energy,Utilities,Multi-Utilities,1976-06-30,65
NLSN,Nielsen Holdings,Industrials,Research & Consulting Services,2013-07-09,203
NKE,"Nike, Inc.",Consumer Discretionary,"Apparel, Accessories & Luxury Goods",1988-11-30,20
NI,NiSource Inc.,Utilities,Multi-Utilities,,378
NSC,Norfolk Southern Corp.,Industrials,Railroads,1957-03-04,258
NTRS,Northern Trust Corp.,Financials,Asset Management & Custody Banks,,207
NOC,Northrop Grumman,Industrials,Aerospace & Defense,1985-06-30,125
NLOK,NortonLifeLock,Information Technology,Application Software,2003-03-25,301
NCLH,Norwegian Cruise Line Holdings,Consumer Discretionary,"Hotels, Resorts & Cruise Lines",2017-10-13,62
NRG,NRG Energy,Utilities,Independent Power Producers & Energy Traders,2010-01-29,274
NUE,Nucor Corp.,Materials,Steel,1985-04-30,212
NVDA,Nvidia Corporation,Information Technology,Semiconductors,2001-11-30,17
NVR,"NVR, Inc.",Consumer Discretionary,Homebuilding,2019-09-26,391
ORLY,O'Reilly Automotive,Consumer Discretionary,Specialty Stores,2009-03-27,328
OXY,Occidental Petroleum,Energy,Oil & Gas Exploration & Production,1982-12-31,93
ODFL,Old Dominion Freight Line,Industrials,Trucking,2019-12-09,258
OMC,Omnicom Group,Communication Services,Advertising,,199
OKE,ONEOK,Energy,Oil & Gas Storage & Transportation,2010-03-15,213
ORCL,Oracle Corp.,Information Technology,Application Software,1989-08-31,43
OTIS,Otis Worldwide,Industrials,Industrial Machinery,2020-04-03,244
PCAR,PACCAR Inc.,Industrials,Construction Machinery & Heavy Trucks,1980-12-31,289
PKG,Packaging Corporation of America,Materials,Paper Packaging,2017-07-26,437
PH,Parker-Hannifin,Industrials,Industrial Machinery,1985-11-30,331
PAYX,Paychex Inc.,Information Technology,Data Processing & Outsourced Services,,183
PAYC,Paycom,Information Technology,Application Software,2020-01-28,329
PYPL,PayPal,Information Technology,Data Processing & Outsourced Services,2015-07-20,21
PNR,Pentair plc,Industrials,Industrial Machinery,2012-10-01,390
PBCT,People's United Financial,Financials,Thrifts & Mortgage Finance,2008-11-13,434
PEP,PepsiCo Inc.,Consumer Staples,Soft Drinks,1957-03-04,85
PKI,PerkinElmer,Health Care,Health Care Equipment,1985-05-31,156
PRGO,Perrigo,Health Care,Pharmaceuticals,2011-12-19,297
PFE,Pfizer Inc.,Health Care,Pharmaceuticals,1957-03-04,7
PM,Philip Morris International,Consumer Staples,Tobacco,2008-03-31,137
PSX,Phillips 66,Energy,Oil & Gas Refining & Marketing,2012-05-01,150
PNW,Pinnacle West Capital,Utilities,Multi-Utilities,,291
PXD,Pioneer Natural Resources,Energy,Oil & Gas Exploration & Production,2008-09-24,118
PNC,PNC Financial Services,Financials,Regional Banks,1988-04-30,118
POOL,Pool Corporation,Consumer Discretionary,Distributors,2020-10-07,163
PPG,PPG Industries,Materials,Specialty Chemicals,1957-03-04,148
PPL,PPL Corp.,Utilities,Electric Utilities,,407
PFG,Principal Financial Group,Financials,Life & Health Insurance,2002-07-22,273
PG,Procter & Gamble,Consumer Staples,Personal Products,1957-03-04,68
PGR,Progressive Corp.,Financials,Property & Casualty Insurance,1997-08-04,242
PLD,Prologis,Real Estate,Industrial REITs,2003-07-17,166
PRU,Prudential Financial,Financials,Life & Health Insurance,2002-07-22,178
PEG,Public Service Enterprise Group (PSEG),Utilities,Electric Utilities,1957-03-04,321
PSA,Public Storage,Real Estate,Specialized REITs,2005-08-19,315
PHM,PulteGroup,Consumer Discretionary,Homebuilding,1984-04-30,99
PVH,PVH Corp.,Consumer Discretionary,"Apparel, Accessories & Luxury Goods",2013-02-15,175
QRVO,Qorvo,Information Technology,Semiconductors,2015-06-11,86
PWR,Quanta Services Inc.,Industrials,Construction & Engineering,2009-07-01,362
QCOM,QUALCOMM Inc.,Information Technology,Semiconductors,,29
DGX,Quest Diagnostics,Health Care,Health Care Services,2002-12-12,118
RL,Ralph Lauren Corporation,Consumer Discretionary,"Apparel, Accessories & Luxury Goods",2007-02-02,156
RJF,"Raymond James Financial, Inc.",Financials,Investment Banking & Brokerage,2017-03-20,369
RTX,Raytheon Technologies,Industrials,Aerospace & Defense,,26
O,Realty Income Corporation,Real Estate,Retail REITs,2015-04-07,154
REG,Regency Centers Corporation,Real Estate,Retail REITs,2017-03-02,496
REGN,Regeneron Pharmaceuticals,Health Care,Biotechnology,2013-05-01,62
RF,Regions Financial Corp.,Financials,Regional Banks,1998-08-28,171
RSG,Republic Services Inc,Industrials,Environmental & Facilities Services,2008-12-05,168
RMD,ResMed,Health Care,Health Care Equipment,2017-07-26,179
RHI,Robert Half International,Industrials,Human Resource & Employment Services,2000-12-05,308
ROK,Rockwell Automation Inc.,Industrials,Electrical Components & Equipment,,162
ROL,"Rollins, Inc.",Industrials,Environmental & Facilities Services,2018-10-01,340
ROP,Roper Technologies,Industrials,Industrial Conglomerates,2009-12-23,269
ROST,Ross Stores,Consumer Discretionary,Apparel Retail,2009-12-21,191
RCL,Royal Caribbean Group,Consumer Discretionary,"Hotels, Resorts & Cruise Lines",2014-12-05,40
SPGI,S&P Global Inc.,Financials,Financial Exchanges & Data,,38
CRM,Salesforce.com,Information Technology,Application Software,2008-09-15,34
SBAC,SBA Communications,Real Estate,Specialized REITs,2017-09-01,343
SLB,Schlumberger Ltd.,Energy,Oil & Gas Equipment & Services,1965-03-31,207
STX,Seagate Technology,Information Technology,"Technology Hardware, Storage & Peripherals",2012-07-02,222
SEE,Sealed Air,Materials,Paper Packaging,1957-03-04,335
SRE,Sempra Energy,Utilities,Multi-Utilities,,134
NOW,ServiceNow,Information Technology,Systems Software,2019-11-21,97
SHW,Sherwin-Williams,Materials,Specialty Chemicals,1964-06-30,250
SPG,Simon Property Group Inc,Real Estate,Retail REITs,2002-06-26,71
SWKS,Skyworks Solutions,Information Technology,Semiconductors,2015-03-12,124
SLG,SL Green Realty,Real Estate,Office REITs,2015-03-20,219
SNA,Snap-on,Industrials,Industrial Machinery,1982-09-30,398
SO,Southern Company,Utilities,Electric Utilities,1957-03-04,110
LUV,Southwest Airlines,Industrials,Airlines,1994-07-01,49
SWK,Stanley Black & Decker,Industrials,Industrial Machinery,1982-09-30,217
SBUX,Starbucks Corp.,Consumer Discretionary,Restaurants,,33
STT,State Street Corp.,Financials,Asset Management & Custody Banks,,152
STE,STERIS plc,Health Care,Health Care Equipment,2019-12-23,335
SYK,Stryker Corp.,Health Care,Health Care Equipment,2000-12-12,252
SIVB,SVB Financial,Financials,Regional Banks,2018-03-19,259
SYF,Synchrony Financial,Financials,Consumer Finance,2015-11-18,232
SNPS,Synopsys Inc.,Information Technology,Application Software,2017-03-16,140
SYY,Sysco Corp.,Consumer Staples,Food Distributors,1986-12-31,247
TMUS,T-Mobile US,Communication Services,Wireless Telecommunication Services,2019-07-15,62
TROW,T. Rowe Price Group,Financials,Asset Management & Custody Banks,,77
TTWO,Take-Two Interactive,Communication Services,Interactive Home Entertainment,2018-03-19,107
TPR,"Tapestry, Inc.",Consumer Discretionary,"Apparel, Accessories & Luxury Goods","",93
TGT,Target Corp.,Consumer Discretionary,General Merchandise Stores,1976-12-31,31
TEL,TE Connectivity Ltd.,Information Technology,Electronic Manufacturing Services,2011-10-17,343
FTI,TechnipFMC,Energy,Oil & Gas Equipment & Services,2009-06-05,230
TDY,Teledyne Technologies,Industrials,Aerospace & Defense,2020-06-22,266
TFX,Teleflex,Health Care,Health Care Equipment,2019-01-18,356
TER,Teradyne,Information Technology,Semiconductor Equipment,2020-09-21,168
TSLA,"Tesla, Inc.",Consumer Discretionary,Automobile Manufacturers,2020-12-21,3
TXN,Texas Instruments,Information Technology,Semiconductors,,109
TXT,Textron Inc.,Industrials,Aerospace & Defense,1978-12-31,282
TMO,Thermo Fisher Scientific,Health Care,Life Sciences Tools & Services,,48
TJX,TJX Companies Inc.,Consumer Discretionary,Apparel Retail,1985-09-30,135
TSCO,Tractor Supply Company,Consumer Discretionary,Specialty Stores,2014-01-24,160
TT,Trane Technologies plc,Industrials,Building Products,2010-11-17,308
TDG,TransDigm Group,Industrials,Aerospace & Defense,2016-06-03,281
TRV,The Travelers Companies Inc.,Financials,Property & Casualty Insurance,2002-08-21,159
TFC,Truist Financial,Financials,Regional Banks,1997-12-04,261
TWTR,"Twitter, Inc.",Communication Services,Interactive Media & Services,2018-06-07,20
TYL,Tyler Technologies,Information Technology,Application Software,2020-06-22,267
TSN,Tyson Foods,Consumer Staples,Packaged Foods & Meats,,97
UDR,"UDR, Inc.",Real Estate,Residential REITs,2016-03-07,510
ULTA,Ulta Beauty,Consumer Discretionary,Specialty Stores,2016-04-18,124
USB,U.S. Bancorp,Financials,Diversified Banks,,170
UAA,Under Armour (Class A),Consumer Discretionary,"Apparel, Accessories & Luxury Goods",2014-05-01,77
UA,Under Armour (Class C),Consumer Discretionary,"Apparel, Accessories & Luxury Goods",2016-04-08,77
UNP,Union Pacific Corp,Industrials,Railroads,1957-03-04,153
UAL,United Airlines Holdings,Industrials,Airlines,2015-09-03,42
UNH,UnitedHealth Group Inc.,Health Care,Managed Health Care,1994-07-01,64
UPS,United Parcel Service,Industrials,Air Freight & Logistics,2002-07-22,37
URI,"United Rentals, Inc.",Industrials,Trading Companies & Distributors,2014-09-20,221
UHS,Universal Health Services,Health Care,Health Care Facilities,2014-09-20,289
UNM,Unum Group,Financials,Life & Health Insurance,1994-03-01,356
VLO,Valero Energy,Energy,Oil & Gas Refining & Marketing,,195
VAR,Varian Medical Systems,Health Care,Health Care Equipment,2007-02-12,136
VTR,Ventas Inc,Real Estate,Health Care REITs,2009-03-04,273
VRSN,Verisign Inc.,Information Technology,Internet Services & Infrastructure,2006-02-01,445
VRSK,Verisk Analytics,Industrials,Research & Consulting Services,2015-10-08,229
VZ,Verizon Communications,Communication Services,Integrated Telecommunication Services,1983-11-30,31
VRTX,Vertex Pharmaceuticals Inc,Health Care,Biotechnology,2013-09-23,83
VFC,VF Corporation,Consumer Discretionary,"Apparel, Accessories & Luxury Goods",1979-06-30,155
VIAC,ViacomCBS,Communication Services,Movies & Entertainment,,71
VTRS,Viatris,Health Care,Pharmaceuticals,2004-04-23,43
V,Visa Inc.,Information Technology,Data Processing & Outsourced Services,2009-12-21,48
VNT,Vontier,Information Technology,Electronic Equipment & Instruments,2020-10-09,73
VNO,Vornado Realty Trust,Real Estate,Office REITs,,248
VMC,Vulcan Materials,Materials,Construction Materials,1999-06-30,334
WRB,W. R. Berkley Corporation,Financials,Property & Casualty Insurance,2019-12-05,308
WAB,Westinghouse Air Brake Technologies Corp,Industrials,Construction Machinery & Heavy Trucks,2019-02-27,321
WMT,Walmart,Consumer Staples,Hypermarkets & Super Centers,1982-08-31,21
WBA,Walgreens Boots Alliance,Consumer Staples,Drug Retail,1979-12-31,44
DIS,The Walt Disney Company,Communication Services,Movies & Entertainment,1976-06-30,14
WM,Waste Management Inc.,Industrials,Environmental & Facilities Services,,245
WAT,Waters Corporation,Health Care,Health Care Distributors,,363
WEC,WEC Energy Group,Utilities,Electric Utilities,2008-10-31,387
WFC,Wells Fargo,Financials,Diversified Banks,1976-06-30,36
WELL,Welltower Inc.,Real Estate,Health Care REITs,2009-01-30,284
WST,West Pharmaceutical Services,Health Care,Health Care Supplies,2020-05-22,175
WDC,Western Digital,Information Technology,"Technology Hardware, Storage & Peripherals",2009-07-01,166
WU,Western Union Co,Information Technology,Data Processing & Outsourced Services,2006-09-29,209
WRK,WestRock,Materials,Paper Packaging,,358
WY,Weyerhaeuser,Real Estate,Specialized REITs,,310
WHR,Whirlpool Corp.,Consumer Discretionary,Household Appliances,,133
WMB,Williams Companies,Energy,Oil & Gas Storage & Transportation,1975-03-31,223
WLTW,Willis Towers Watson,Financials,Insurance Brokers,2016-01-05,146
WYNN,Wynn Resorts Ltd,Consumer Discretionary,Casinos & Gaming,2008-11-14,154
XEL,Xcel Energy Inc,Utilities,Multi-Utilities,1957-03-04,287
XRX,Xerox,Information Technology,"Technology Hardware, Storage & Peripherals",,276
XLNX,Xilinx,Information Technology,Semiconductors,1999-11-08,71
XYL,Xylem Inc.,Industrials,Industrial Machinery,2011-11-01,348
YUM,Yum! Brands Inc,Consumer Discretionary,Restaurants,1997-10-06,87
ZBRA,Zebra Technologies,Information Technology,Electronic Equipment & Instruments,2019-12-23,248
ZBH,Zimmer Biomet,Health Care,Health Care Equipment,2001-08-07,307
ZION,Zions Bancorp,Financials,Regional Banks,2001-06-22,433
ZTS,Zoetis,Health Care,Pharmaceuticals,2013-06-21,244
